Transporter_substrate_category	Transporter_gene	Transporter description	Reference_gene	Reference_species	Required by bifidoAnnotator clusters	
N-glycan	AfcT	Putative Fuc(a1-6)GlcNAc-peptide MFS permease	"Blon_0247, BBKW_1715, Blon_0425"	"Bifidobacterium longum subsp. infantis ATCC 15697 = JCM 1222 = DSM 20088, B. catenulatum subsp. kashiwanohense JCM15439"	"GH18 - endo-β-N-acetylglucosaminidase-1 (EndoBI-1, Blon_2468); GH18 - endo-β-N-acetylglucosaminidase-2 (EndoBI-2, BLIF_1310); GH85 - endo-β-N-acetylglucosaminidase (EndoBB2, BBMN68_222); GH85 - endo-β-N-acetylglucosaminidase (EndoBB, Bbr_1142); GH125 - α-mannosidase (BlMan125-Mna125, Blon_0876, Bbr_1139); GH18 - chitinase (thermophilum-thermoacidophilum-boum); GH29 - α-L-fucosidase (BsFuc29, scardovii-pullorum); GH29 - α-L-fucosidase (BiAfcC-2, Blon_0248-Blon_426); GH38 - α-mannosidase-1 (BlMan38A-Mna38, Blon_0868-Bbr_1150); GH38 - α-mannosidase-2 (BlMan38B-Mna38**, Blon_0869-Bbr_1149); GH38 - α-mannosidase-3 (BlMan38C, Bbr_1148); GH5_18 - exo-β-mannosidase (scardovii); GH5_18 - exo-β-mannosidase (longum-reuteri); GH5_18 - exo-β-mannosidase (infantis); GH5_18 - exo-β-mannosidase (breve-longum); GH5_18 - exo-β-mannosidase (breve-longum)"	
HMO	FL1_A	2FL/3FL ABC transporter substrate-binding component	Blon_0343	Bifidobacterium longum subsp. infantis ATCC 15697 = JCM 1222 = DSM 20088	"GH2 - β-galactosidase (Bga2A-BbgIV-lacZ6, Bbr_1552); GH2 - β-galactosidase (Bga2A-lacZ, longum-infantis-pseudocatenulatum); GH20 - β-N-acetylglucosaminidase-2 (NahA-Hex1*, BBPR_0026); GH20 - β-N-acetylglucosaminidase (Hex3, BBSC_1775); GH20 - β-N-acetylglucosaminidase-2 (NahA-Hex1*, BBPC_1688); GH20 - β-N-acetylglucosaminidase-2 (NahA-Hex1*, Blon_0459-Bbr_1556); GH20 - β-N-acetylglucosaminidase (Hex2, Blon_2335); GH20 - β-N-acetylglucosaminidase-1 (Hex1, Blon_0732); GH20 - β-N-acetylhexosaminidase-2 (NahA-Hex1*, BBSC_1803); GH29 - α-L-fucosidase (BiAfcb-FumA2, BBSC_1794); GH29 - α-L-fucosidase (BiAfcB-FumA2, Blon_2336); GH42 - β-galactosidase A (Bga42A-LntA-BbgII-LacA-GosG-lacZ5, Blon_2016-Bbr_0529-BLD_0926); GH95 - intracellular α-L-fucosidase (FumA1, Blon_2335)"	
HMO	FL2_A	2FL/3FL/LDFT/LNFP I ABC transporter substrate-binding component	"Blon_2202, BLJ_0321, BBKW_1840, BPSE_1244"	"Bifidobacterium longum subsp. infantis ATCC 15697 = JCM 1222 = DSM 20088, Bifidobacterium longum subsp. suis JDM301, B. catenulatum subsp. kashiwanohense JCM15439, B. pseudocatenulatum JCM1200"	"GH2 - β-galactosidase (Bga2A-BbgIV-lacZ6, Bbr_1552); GH2 - β-galactosidase (Bga2A-lacZ, longum-infantis-pseudocatenulatum); GH20 - β-N-acetylglucosaminidase-2 (NahA-Hex1*, BBPR_0026); GH20 - β-N-acetylglucosaminidase (Hex3, BBSC_1775); GH20 - β-N-acetylglucosaminidase-2 (NahA-Hex1*, BBPC_1688); GH20 - β-N-acetylglucosaminidase-2 (NahA-Hex1*, Blon_0459-Bbr_1556); GH20 - β-N-acetylglucosaminidase (Hex2, Blon_2335); GH20 - β-N-acetylglucosaminidase-1 (Hex1, Blon_0732); GH20 - β-N-acetylhexosaminidase-2 (NahA-Hex1*, BBSC_1803); GH29 - α-L-fucosidase (BiAfcb-FumA2, BBSC_1794); GH29 - α-L-fucosidase (BiAfcB-FumA2, Blon_2336); GH42 - β-galactosidase A (Bga42A-LntA-BbgII-LacA-GosG-lacZ5, Blon_2016-Bbr_0529-BLD_0926); GH95 - intracellular α-L-fucosidase (FumA1, Blon_2335)"	
HMO	FL2_A2	LNFP II/LNDFH I/LNDFH II ABC transporter substrate-binding component	BBKW_1838	Bifidobacterium catenulatum subsp. kashiwanohense JCM 15439 = DSM 21854	"GH2 - β-galactosidase (Bga2A-BbgIV-lacZ6, Bbr_1552); GH2 - β-galactosidase (Bga2A-lacZ, longum-infantis-pseudocatenulatum); GH20 - β-N-acetylglucosaminidase-2 (NahA-Hex1*, BBPR_0026); GH20 - β-N-acetylglucosaminidase (Hex3, BBSC_1775); GH20 - β-N-acetylglucosaminidase-2 (NahA-Hex1*, BBPC_1688); GH20 - β-N-acetylglucosaminidase-2 (NahA-Hex1*, Blon_0459-Bbr_1556); GH20 - β-N-acetylglucosaminidase (Hex2, Blon_2335); GH20 - β-N-acetylglucosaminidase-1 (Hex1, Blon_0732); GH20 - β-N-acetylhexosaminidase-2 (NahA-Hex1*, BBSC_1803); GH29 - α-L-fucosidase (BiAfcb-FumA2, BBSC_1794); GH29 - α-L-fucosidase (BiAfcB-FumA2, Blon_2336); GH42 - β-galactosidase A (Bga42A-LntA-BbgII-LacA-GosG-lacZ5, Blon_2016-Bbr_0529-BLD_0926); GH95 - intracellular α-L-fucosidase (FumA1, Blon_2335)"	
HMO	FL3_A	"Putative alpha-1,3-fucosylated glycan ABC transporter substrate-binding component"	BBSC_1797	Bifidobacterium scardovii JCM 12489 = DSM 13734	"GH2 - β-galactosidase (Bga2A-BbgIV-lacZ6, Bbr_1552); GH2 - β-galactosidase (Bga2A-lacZ, longum-infantis-pseudocatenulatum); GH20 - β-N-acetylglucosaminidase-2 (NahA-Hex1*, BBPR_0026); GH20 - β-N-acetylglucosaminidase (Hex3, BBSC_1775); GH20 - β-N-acetylglucosaminidase-2 (NahA-Hex1*, BBPC_1688); GH20 - β-N-acetylglucosaminidase-2 (NahA-Hex1*, Blon_0459-Bbr_1556); GH20 - β-N-acetylglucosaminidase (Hex2, Blon_2335); GH20 - β-N-acetylglucosaminidase-1 (Hex1, Blon_0732); GH20 - β-N-acetylhexosaminidase-2 (NahA-Hex1*, BBSC_1803); GH29 - α-L-fucosidase (BiAfcb-FumA2, BBSC_1794); GH29 - α-L-fucosidase (BiAfcB-FumA2, Blon_2336); GH42 - β-galactosidase A (Bga42A-LntA-BbgII-LacA-GosG-lacZ5, Blon_2016-Bbr_0529-BLD_0926); GH95 - intracellular α-L-fucosidase (FumA1, Blon_2335)"	
Fucose (Fuc)	FucP	Fucose MFS permease	"Blon_2307, Bbr_1742, BLJ_1834"	"Bifidobacterium longum subsp. infantis ATCC 15697 = JCM 1222 = DSM 20088, Bifidobacterium breve UCC2003, Bifidobacterium longum subsp. suis JDM301"	"GH29 - extracellular α-L-fucosidase (BbAfcB, BBPR_1360)"	
HMO	GltA	Lacto-N-biose/galacto-N-biose ABC transporter-1 substrate-binding component	"BLLJ_1626, BLJ_1686, Bbr_1590, BBSC_1792"	"Bifidobacterium longum subsp. longum JCM 1217, Bifidobacterium longum subsp. suis JDM301, Bifidobacterium breve UCC2003, Bifidobacterium scardovii JCM 12489 = DSM 13734"	"GH112 - GNB/LNB I phosphorylase; GH112 - GalHexNAcP; GH136 - Lacto-N-biosidase (LnbX); GH20 - extracellular lacto-N-biosidase (BBPR_1438); GH42 - β-galactosidase A (Bga42A-LntA-BbgII-LacA-GosG-lacZ5, Blon_2016-Bbr_0529-BLD_0926)"	
HMO	GltA_LNT	Type I chain HMO ABC transporter substrate-binding component	"Blon_2177, BPSE_1664, BBPR_1058"	"Bifidobacterium longum subsp. infantis ATCC 15697 = JCM 1222 = DSM 20088, B. pseudocatenulatum JCM1200, B. bifidum PRL2010"	"GH2 - β-galactosidase (Bga2A-BbgIV-lacZ6, Bbr_1552); GH2 - β-galactosidase (Bga2A-lacZ, longum-infantis-pseudocatenulatum); GH42 - β-galactosidase A (Bga42A-LntA-BbgII-LacA-GosG-lacZ5, Blon_2016-Bbr_0529-BLD_0926)"	
HMO	GltB	Lacto-N-biose/galacto-N-biose ABC transporter-1 permease component 1	"BLLJ_1625, BLJ_1685, Bbr_1589, BBSC_1791"	"Bifidobacterium longum subsp. longum JCM 1217, Bifidobacterium longum subsp. suis JDM301, Bifidobacterium breve UCC2003, Bifidobacterium scardovii JCM 12489 = DSM 13734"	"GH112 - GNB/LNB I phosphorylase; GH112 - GalHexNAcP; GH136 - Lacto-N-biosidase (LnbX); GH20 - extracellular lacto-N-biosidase (BBPR_1438); GH42 - β-galactosidase A (Bga42A-LntA-BbgII-LacA-GosG-lacZ5, Blon_2016-Bbr_0529-BLD_0926)"	
HMO	GltB_LNT	Type I chain HMO ABC transporter permease component 1	"Blon_2176, BPSE_1663, BBPR_1057"	"Bifidobacterium longum subsp. infantis ATCC 15697 = JCM 1222 = DSM 20088, B. pseudocatenulatum JCM1200, B. bifidum PRL2010"	"GH2 - β-galactosidase (Bga2A-BbgIV-lacZ6, Bbr_1552); GH2 - β-galactosidase (Bga2A-lacZ, longum-infantis-pseudocatenulatum); GH42 - β-galactosidase A (Bga42A-LntA-BbgII-LacA-GosG-lacZ5, Blon_2016-Bbr_0529-BLD_0926)"	
HMO	GltC	Lacto-N-biose/galacto-N-biose ABC transporter-1 permease component 2	"BLLJ_1624, BLJ_1684, Bbr_1588, BBSC_1790"	"Bifidobacterium longum subsp. longum JCM 1217, Bifidobacterium longum subsp. suis JDM301, Bifidobacterium breve UCC2003, Bifidobacterium scardovii JCM 12489 = DSM 13734"	"GH112 - GNB/LNB I phosphorylase; GH112 - GalHexNAcP; GH136 - Lacto-N-biosidase (LnbX); GH20 - extracellular lacto-N-biosidase (BBPR_1438); GH42 - β-galactosidase A (Bga42A-LntA-BbgII-LacA-GosG-lacZ5, Blon_2016-Bbr_0529-BLD_0926)"	
HMO	GltC_LNT	Type I chain HMO ABC transporter permease component 2	"Blon_2175, BPSE_1662, BBPR_1056"	"Bifidobacterium longum subsp. infantis ATCC 15697 = JCM 1222 = DSM 20088, B. pseudocatenulatum JCM1200, B. bifidum PRL2010"	"GH2 - β-galactosidase (Bga2A-BbgIV-lacZ6, Bbr_1552); GH2 - β-galactosidase (Bga2A-lacZ, longum-infantis-pseudocatenulatum); GH42 - β-galactosidase A (Bga42A-LntA-BbgII-LacA-GosG-lacZ5, Blon_2016-Bbr_0529-BLD_0926)"	
HMO constituent	GltF	Lacto-N-biose/galacto-N-biose ABC transporter-2 substrate-binding component	Blon_0883	Bifidobacterium longum subsp. infantis ATCC 15697 = JCM 1222 = DSM 20088	GH112 - GNB/LNB I phosphorylase; GH112 - GalHexNAcP	
HMO constituent	GltG	Lacto-N-biose/galacto-N-biose ABC transporter-2 permease component 1	Blon_0884	Bifidobacterium longum subsp. infantis ATCC 15697 = JCM 1222 = DSM 20088	GH112 - GNB/LNB I phosphorylase; GH112 - GalHexNAcP	
HMO constituent	GltH	Lacto-N-biose/galacto-N-biose ABC transporter-2 permease component 2	Blon_0885	Bifidobacterium longum subsp. infantis ATCC 15697 = JCM 1222 = DSM 20088	GH112 - GNB/LNB I phosphorylase; GH112 - GalHexNAcP	
Beta-galactoside	GosA	"Beta-1,4-linked galactooligosaccharide ABC transporter substrate-binding component"	Bbr_0417	Bifidobacterium breve UCC2003	GH2 - β-galactosidase S1 (BbgIII)	
Beta-galactoside	GosA2	"Putative beta-1,4-linked galactooligosaccharide ABC transporter substrate-binding component"	Blon_2414	Bifidobacterium longum subsp. infantis ATCC 15697 = JCM 1222 = DSM 20088	GH2 - β-galactosidase S1 (BbgIII)	
Beta-galactoside	GosB	"Beta-1,4-linked galactooligosaccharide ABC transporter permease component 1"	Bbr_0418	Bifidobacterium breve UCC2003	GH2 - β-galactosidase S1 (BbgIII)	
Beta-galactoside	GosB2	"Putative beta-1,4-linked galactooligosaccharide ABC transporter permease component 1"	Blon_2413	Bifidobacterium longum subsp. infantis ATCC 15697 = JCM 1222 = DSM 20088	GH2 - β-galactosidase S1 (BbgIII)	
Beta-galactoside	GosC	"Beta-1,4-linked galactooligosaccharide ABC transporter permease component 2"	Bbr_0419	Bifidobacterium breve UCC2003	GH2 - β-galactosidase S1 (BbgIII)	
Beta-galactoside	GosC2	"Putative beta-1,4-linked galactooligosaccharide ABC transporter permease component 2"	Blon_2412	Bifidobacterium longum subsp. infantis ATCC 15697 = JCM 1222 = DSM 20088	GH2 - β-galactosidase S1 (BbgIII)	
HMO	HmoA	Type II chain HMO ABC transporter substrate-binding component	Blon_2347	Bifidobacterium longum subsp. infantis ATCC 15697 = JCM 1222 = DSM 20088	"GH2 - β-galactosidase (Bga2A-BbgIV-lacZ6, Bbr_1552); GH2 - β-galactosidase (Bga2A-lacZ, longum-infantis-pseudocatenulatum); GH20 - β-N-acetylglucosaminidase-2 (NahA-Hex1*, BBPR_0026); GH20 - β-N-acetylglucosaminidase (Hex3, BBSC_1775); GH20 - β-N-acetylglucosaminidase-2 (NahA-Hex1*, BBPC_1688); GH20 - β-N-acetylglucosaminidase-2 (NahA-Hex1*, Blon_0459-Bbr_1556); GH20 - β-N-acetylglucosaminidase (Hex2, Blon_2335); GH20 - β-N-acetylglucosaminidase-1 (Hex1, Blon_0732); GH20 - β-N-acetylhexosaminidase-2 (NahA-Hex1*, BBSC_1803); GH29 - α-L-fucosidase (BiAfcb-FumA2, BBSC_1794); GH29 - α-L-fucosidase (BiAfcB-FumA2, Blon_2336); GH33 - α-sialidase-2 (NanH2, Blon_2348); GH42 - β-galactosidase A (Bga42A-LntA-BbgII-LacA-GosG-lacZ5, Blon_2016-Bbr_0529-BLD_0926); GH95 - intracellular α-L-fucosidase (FumA1, Blon_2335)"	
HMO	HmoA2	Putative HMO ABC transporter substrate-binding component (low affinity)	Blon_2344	Bifidobacterium longum subsp. infantis ATCC 15697 = JCM 1222 = DSM 20088	"GH2 - β-galactosidase (Bga2A-BbgIV-lacZ6, Bbr_1552); GH2 - β-galactosidase (Bga2A-lacZ, longum-infantis-pseudocatenulatum); GH20 - β-N-acetylglucosaminidase-2 (NahA-Hex1*, BBPR_0026); GH20 - β-N-acetylglucosaminidase (Hex3, BBSC_1775); GH20 - β-N-acetylglucosaminidase-2 (NahA-Hex1*, BBPC_1688); GH20 - β-N-acetylglucosaminidase-2 (NahA-Hex1*, Blon_0459-Bbr_1556); GH20 - β-N-acetylglucosaminidase (Hex2, Blon_2335); GH20 - β-N-acetylglucosaminidase-1 (Hex1, Blon_0732); GH20 - β-N-acetylhexosaminidase-2 (NahA-Hex1*, BBSC_1803); GH29 - α-L-fucosidase (BiAfcb-FumA2, BBSC_1794); GH29 - α-L-fucosidase (BiAfcB-FumA2, Blon_2336); GH33 - α-sialidase-2 (NanH2, Blon_2348); GH42 - β-galactosidase A (Bga42A-LntA-BbgII-LacA-GosG-lacZ5, Blon_2016-Bbr_0529-BLD_0926); GH95 - intracellular α-L-fucosidase (FumA1, Blon_2335)"	
HMO	HmoA3	Putative HMO ABC transporter substrate-binding component	Blon_2350	Bifidobacterium longum subsp. infantis ATCC 15697 = JCM 1222 = DSM 20088	"GH2 - β-galactosidase (Bga2A-BbgIV-lacZ6, Bbr_1552); GH2 - β-galactosidase (Bga2A-lacZ, longum-infantis-pseudocatenulatum); GH20 - β-N-acetylglucosaminidase-2 (NahA-Hex1*, BBPR_0026); GH20 - β-N-acetylglucosaminidase (Hex3, BBSC_1775); GH20 - β-N-acetylglucosaminidase-2 (NahA-Hex1*, BBPC_1688); GH20 - β-N-acetylglucosaminidase-2 (NahA-Hex1*, Blon_0459-Bbr_1556); GH20 - β-N-acetylglucosaminidase (Hex2, Blon_2335); GH20 - β-N-acetylglucosaminidase-1 (Hex1, Blon_0732); GH20 - β-N-acetylhexosaminidase-2 (NahA-Hex1*, BBSC_1803); GH29 - α-L-fucosidase (BiAfcb-FumA2, BBSC_1794); GH29 - α-L-fucosidase (BiAfcB-FumA2, Blon_2336); GH33 - α-sialidase-2 (NanH2, Blon_2348); GH42 - β-galactosidase A (Bga42A-LntA-BbgII-LacA-GosG-lacZ5, Blon_2016-Bbr_0529-BLD_0926); GH95 - intracellular α-L-fucosidase (FumA1, Blon_2335)"	
HMO	HmoA4	Putative HMO ABC transporter substrate-binding component	Blon_2351	Bifidobacterium longum subsp. infantis ATCC 15697 = JCM 1222 = DSM 20088	"GH2 - β-galactosidase (Bga2A-BbgIV-lacZ6, Bbr_1552); GH2 - β-galactosidase (Bga2A-lacZ, longum-infantis-pseudocatenulatum); GH20 - β-N-acetylglucosaminidase-2 (NahA-Hex1*, BBPR_0026); GH20 - β-N-acetylglucosaminidase (Hex3, BBSC_1775); GH20 - β-N-acetylglucosaminidase-2 (NahA-Hex1*, BBPC_1688); GH20 - β-N-acetylglucosaminidase-2 (NahA-Hex1*, Blon_0459-Bbr_1556); GH20 - β-N-acetylglucosaminidase (Hex2, Blon_2335); GH20 - β-N-acetylglucosaminidase-1 (Hex1, Blon_0732); GH20 - β-N-acetylhexosaminidase-2 (NahA-Hex1*, BBSC_1803); GH29 - α-L-fucosidase (BiAfcb-FumA2, BBSC_1794); GH29 - α-L-fucosidase (BiAfcB-FumA2, Blon_2336); GH33 - α-sialidase-2 (NanH2, Blon_2348); GH42 - β-galactosidase A (Bga42A-LntA-BbgII-LacA-GosG-lacZ5, Blon_2016-Bbr_0529-BLD_0926); GH95 - intracellular α-L-fucosidase (FumA1, Blon_2335)"	
HMO	HmoA5	Putative HMO ABC transporter substrate-binding component	Blon_2352	Bifidobacterium longum subsp. infantis ATCC 15697 = JCM 1222 = DSM 20088	"GH2 - β-galactosidase (Bga2A-BbgIV-lacZ6, Bbr_1552); GH2 - β-galactosidase (Bga2A-lacZ, longum-infantis-pseudocatenulatum); GH20 - β-N-acetylglucosaminidase-2 (NahA-Hex1*, BBPR_0026); GH20 - β-N-acetylglucosaminidase (Hex3, BBSC_1775); GH20 - β-N-acetylglucosaminidase-2 (NahA-Hex1*, BBPC_1688); GH20 - β-N-acetylglucosaminidase-2 (NahA-Hex1*, Blon_0459-Bbr_1556); GH20 - β-N-acetylglucosaminidase (Hex2, Blon_2335); GH20 - β-N-acetylglucosaminidase-1 (Hex1, Blon_0732); GH20 - β-N-acetylhexosaminidase-2 (NahA-Hex1*, BBSC_1803); GH29 - α-L-fucosidase (BiAfcb-FumA2, BBSC_1794); GH29 - α-L-fucosidase (BiAfcB-FumA2, Blon_2336); GH33 - α-sialidase-2 (NanH2, Blon_2348); GH42 - β-galactosidase A (Bga42A-LntA-BbgII-LacA-GosG-lacZ5, Blon_2016-Bbr_0529-BLD_0926); GH95 - intracellular α-L-fucosidase (FumA1, Blon_2335)"	
HMO	HmoA6	Putative HMO ABC transporter substrate-binding component	Blon_2354	Bifidobacterium longum subsp. infantis ATCC 15697 = JCM 1222 = DSM 20088	"GH2 - β-galactosidase (Bga2A-BbgIV-lacZ6, Bbr_1552); GH2 - β-galactosidase (Bga2A-lacZ, longum-infantis-pseudocatenulatum); GH20 - β-N-acetylglucosaminidase-2 (NahA-Hex1*, BBPR_0026); GH20 - β-N-acetylglucosaminidase (Hex3, BBSC_1775); GH20 - β-N-acetylglucosaminidase-2 (NahA-Hex1*, BBPC_1688); GH20 - β-N-acetylglucosaminidase-2 (NahA-Hex1*, Blon_0459-Bbr_1556); GH20 - β-N-acetylglucosaminidase (Hex2, Blon_2335); GH20 - β-N-acetylglucosaminidase-1 (Hex1, Blon_0732); GH20 - β-N-acetylhexosaminidase-2 (NahA-Hex1*, BBSC_1803); GH29 - α-L-fucosidase (BiAfcb-FumA2, BBSC_1794); GH29 - α-L-fucosidase (BiAfcB-FumA2, Blon_2336); GH33 - α-sialidase-2 (NanH2, Blon_2348); GH42 - β-galactosidase A (Bga42A-LntA-BbgII-LacA-GosG-lacZ5, Blon_2016-Bbr_0529-BLD_0926); GH95 - intracellular α-L-fucosidase (FumA1, Blon_2335)"	
HMO	HmoB	Putative HMO ABC transporter permease component 1	Blon_2346	Bifidobacterium longum subsp. infantis ATCC 15697 = JCM 1222 = DSM 20088	"GH2 - β-galactosidase (Bga2A-BbgIV-lacZ6, Bbr_1552); GH2 - β-galactosidase (Bga2A-lacZ, longum-infantis-pseudocatenulatum); GH20 - β-N-acetylglucosaminidase-2 (NahA-Hex1*, BBPR_0026); GH20 - β-N-acetylglucosaminidase (Hex3, BBSC_1775); GH20 - β-N-acetylglucosaminidase-2 (NahA-Hex1*, BBPC_1688); GH20 - β-N-acetylglucosaminidase-2 (NahA-Hex1*, Blon_0459-Bbr_1556); GH20 - β-N-acetylglucosaminidase (Hex2, Blon_2335); GH20 - β-N-acetylglucosaminidase-1 (Hex1, Blon_0732); GH20 - β-N-acetylhexosaminidase-2 (NahA-Hex1*, BBSC_1803); GH29 - α-L-fucosidase (BiAfcb-FumA2, BBSC_1794); GH29 - α-L-fucosidase (BiAfcB-FumA2, Blon_2336); GH33 - α-sialidase-2 (NanH2, Blon_2348); GH42 - β-galactosidase A (Bga42A-LntA-BbgII-LacA-GosG-lacZ5, Blon_2016-Bbr_0529-BLD_0926); GH95 - intracellular α-L-fucosidase (FumA1, Blon_2335)"	
HMO	HmoB2	Type II chain HMO ABC transporter (low affinity) component 1	Blon_2343	Bifidobacterium longum subsp. infantis ATCC 15697 = JCM 1222 = DSM 20088	"GH2 - β-galactosidase (Bga2A-BbgIV-lacZ6, Bbr_1552); GH2 - β-galactosidase (Bga2A-lacZ, longum-infantis-pseudocatenulatum); GH20 - β-N-acetylglucosaminidase-2 (NahA-Hex1*, BBPR_0026); GH20 - β-N-acetylglucosaminidase (Hex3, BBSC_1775); GH20 - β-N-acetylglucosaminidase-2 (NahA-Hex1*, BBPC_1688); GH20 - β-N-acetylglucosaminidase-2 (NahA-Hex1*, Blon_0459-Bbr_1556); GH20 - β-N-acetylglucosaminidase (Hex2, Blon_2335); GH20 - β-N-acetylglucosaminidase-1 (Hex1, Blon_0732); GH20 - β-N-acetylhexosaminidase-2 (NahA-Hex1*, BBSC_1803); GH29 - α-L-fucosidase (BiAfcb-FumA2, BBSC_1794); GH29 - α-L-fucosidase (BiAfcB-FumA2, Blon_2336); GH33 - α-sialidase-2 (NanH2, Blon_2348); GH42 - β-galactosidase A (Bga42A-LntA-BbgII-LacA-GosG-lacZ5, Blon_2016-Bbr_0529-BLD_0926); GH95 - intracellular α-L-fucosidase (FumA1, Blon_2335)"	
HMO	HmoC	Putative HMO ABC transporter permease component 2	Blon_2345	Bifidobacterium longum subsp. infantis ATCC 15697 = JCM 1222 = DSM 20088	"GH2 - β-galactosidase (Bga2A-BbgIV-lacZ6, Bbr_1552); GH2 - β-galactosidase (Bga2A-lacZ, longum-infantis-pseudocatenulatum); GH20 - β-N-acetylglucosaminidase-2 (NahA-Hex1*, BBPR_0026); GH20 - β-N-acetylglucosaminidase (Hex3, BBSC_1775); GH20 - β-N-acetylglucosaminidase-2 (NahA-Hex1*, BBPC_1688); GH20 - β-N-acetylglucosaminidase-2 (NahA-Hex1*, Blon_0459-Bbr_1556); GH20 - β-N-acetylglucosaminidase (Hex2, Blon_2335); GH20 - β-N-acetylglucosaminidase-1 (Hex1, Blon_0732); GH20 - β-N-acetylhexosaminidase-2 (NahA-Hex1*, BBSC_1803); GH29 - α-L-fucosidase (BiAfcb-FumA2, BBSC_1794); GH29 - α-L-fucosidase (BiAfcB-FumA2, Blon_2336); GH33 - α-sialidase-2 (NanH2, Blon_2348); GH42 - β-galactosidase A (Bga42A-LntA-BbgII-LacA-GosG-lacZ5, Blon_2016-Bbr_0529-BLD_0926); GH95 - intracellular α-L-fucosidase (FumA1, Blon_2335)"	
HMO	HmoC2	Type II chain HMO ABC transporter (low affinity) component 2	Blon_2342	Bifidobacterium longum subsp. infantis ATCC 15697 = JCM 1222 = DSM 20088	"GH2 - β-galactosidase (Bga2A-BbgIV-lacZ6, Bbr_1552); GH2 - β-galactosidase (Bga2A-lacZ, longum-infantis-pseudocatenulatum); GH20 - β-N-acetylglucosaminidase-2 (NahA-Hex1*, BBPR_0026); GH20 - β-N-acetylglucosaminidase (Hex3, BBSC_1775); GH20 - β-N-acetylglucosaminidase-2 (NahA-Hex1*, BBPC_1688); GH20 - β-N-acetylglucosaminidase-2 (NahA-Hex1*, Blon_0459-Bbr_1556); GH20 - β-N-acetylglucosaminidase (Hex2, Blon_2335); GH20 - β-N-acetylglucosaminidase-1 (Hex1, Blon_0732); GH20 - β-N-acetylhexosaminidase-2 (NahA-Hex1*, BBSC_1803); GH29 - α-L-fucosidase (BiAfcb-FumA2, BBSC_1794); GH29 - α-L-fucosidase (BiAfcB-FumA2, Blon_2336); GH33 - α-sialidase-2 (NanH2, Blon_2348); GH42 - β-galactosidase A (Bga42A-LntA-BbgII-LacA-GosG-lacZ5, Blon_2016-Bbr_0529-BLD_0926); GH95 - intracellular α-L-fucosidase (FumA1, Blon_2335)"	
HMO constituent	LacS	Lactose MFS permease	"Bbr_1551, Blon_2332, BLJ_0750, BPSE_1660, BLLJ_1485, BBPR_1459, BBKW_1829, BBSC_1955, BLJ_0751, Blon_2331"	"Bifidobacterium breve UCC2003, Bifidobacterium longum subsp. infantis ATCC 15697 = JCM 1222 = DSM 20088, Bifidobacterium longum subsp. suis JDM301, B. pseudocatenulatum JCM1200, B. bifidum PRL2010, Bifidobacterium catenulatum subsp. kashiwanohense JCM 15439 = DSM 21854, Bifidobacterium scardovii JCM 12489 = DSM 13734"	"GH2 - β-galactosidase (Bga2A-BbgIV-lacZ6, Bbr_1552); GH2 - β-galactosidase (Bga2A-lacZ, longum-infantis-pseudocatenulatum); GH2 - β-galactosidase (BgaF, lacZ1, Bbr_0010); GH136 - Lacto-N-biosidase (LnbX); GH20 - extracellular lacto-N-biosidase (BBPR_1438); GH42 - β-galactosidase A (Bga42A-LntA-BbgII-LacA-GosG-lacZ5, Blon_2016-Bbr_0529-BLD_0926)"	
N-glycan	MnaA	Putative N-glycan ABC transporter substrate-binding component	"BL1330, Blon_2380, BLJ_1284, BBSC_1820, Bbr_1147"	"Bifidobacterium longum NCC2705, Bifidobacterium longum subsp. infantis ATCC 15697 = JCM 1222 = DSM 20088, Bifidobacterium longum subsp. suis JDM301, Bifidobacterium scardovii JCM 12489 = DSM 13734, Bifidobacterium breve UCC2003"	"GH18 - endo-β-N-acetylglucosaminidase-1 (EndoBI-1, Blon_2468); GH18 - endo-β-N-acetylglucosaminidase-2 (EndoBI-2, BLIF_1310); GH85 - endo-β-N-acetylglucosaminidase (EndoBB2, BBMN68_222); GH85 - endo-β-N-acetylglucosaminidase (EndoBB, Bbr_1142); GH125 - α-mannosidase (BlMan125-Mna125, Blon_0876, Bbr_1139); GH18 - chitinase (thermophilum-thermoacidophilum-boum); GH29 - α-L-fucosidase (BsFuc29, scardovii-pullorum); GH29 - α-L-fucosidase (BiAfcC-2, Blon_0248-Blon_426); GH38 - α-mannosidase-1 (BlMan38A-Mna38, Blon_0868-Bbr_1150); GH38 - α-mannosidase-2 (BlMan38B-Mna38**, Blon_0869-Bbr_1149); GH38 - α-mannosidase-3 (BlMan38C, Bbr_1148); GH5_18 - exo-β-mannosidase (scardovii); GH5_18 - exo-β-mannosidase (longum-reuteri); GH5_18 - exo-β-mannosidase (infantis); GH5_18 - exo-β-mannosidase (breve-longum); GH5_18 - exo-β-mannosidase (breve-longum)"	
N-glycan	MnaA2	Putative sulfated N-glycan ABC transporter	BBSC_1811	Bifidobacterium scardovii JCM 12489 = DSM 13734	"GH18 - endo-β-N-acetylglucosaminidase-1 (EndoBI-1, Blon_2468); GH18 - endo-β-N-acetylglucosaminidase-2 (EndoBI-2, BLIF_1310); GH85 - endo-β-N-acetylglucosaminidase (EndoBB2, BBMN68_222); GH85 - endo-β-N-acetylglucosaminidase (EndoBB, Bbr_1142); GH125 - α-mannosidase (BlMan125-Mna125, Blon_0876, Bbr_1139); GH18 - chitinase (thermophilum-thermoacidophilum-boum); GH29 - α-L-fucosidase (BsFuc29, scardovii-pullorum); GH29 - α-L-fucosidase (BiAfcC-2, Blon_0248-Blon_426); GH38 - α-mannosidase-1 (BlMan38A-Mna38, Blon_0868-Bbr_1150); GH38 - α-mannosidase-2 (BlMan38B-Mna38**, Blon_0869-Bbr_1149); GH38 - α-mannosidase-3 (BlMan38C, Bbr_1148); GH5_18 - exo-β-mannosidase (scardovii); GH5_18 - exo-β-mannosidase (longum-reuteri); GH5_18 - exo-β-mannosidase (infantis); GH5_18 - exo-β-mannosidase (breve-longum); GH5_18 - exo-β-mannosidase (breve-longum)"	
N-glycan	MnaB	Putative N-glycan ABC transporter permease component 1	"BL1331, Blon_2379, BLJ_1283, BBSC_1819, Bbr_1146"	"Bifidobacterium longum NCC2705, Bifidobacterium longum subsp. infantis ATCC 15697 = JCM 1222 = DSM 20088, Bifidobacterium longum subsp. suis JDM301, Bifidobacterium scardovii JCM 12489 = DSM 13734, Bifidobacterium breve UCC2003"	"GH18 - endo-β-N-acetylglucosaminidase-1 (EndoBI-1, Blon_2468); GH18 - endo-β-N-acetylglucosaminidase-2 (EndoBI-2, BLIF_1310); GH85 - endo-β-N-acetylglucosaminidase (EndoBB2, BBMN68_222); GH85 - endo-β-N-acetylglucosaminidase (EndoBB, Bbr_1142); GH125 - α-mannosidase (BlMan125-Mna125, Blon_0876, Bbr_1139); GH18 - chitinase (thermophilum-thermoacidophilum-boum); GH29 - α-L-fucosidase (BsFuc29, scardovii-pullorum); GH29 - α-L-fucosidase (BiAfcC-2, Blon_0248-Blon_426); GH38 - α-mannosidase-1 (BlMan38A-Mna38, Blon_0868-Bbr_1150); GH38 - α-mannosidase-2 (BlMan38B-Mna38**, Blon_0869-Bbr_1149); GH38 - α-mannosidase-3 (BlMan38C, Bbr_1148); GH5_18 - exo-β-mannosidase (scardovii); GH5_18 - exo-β-mannosidase (longum-reuteri); GH5_18 - exo-β-mannosidase (infantis); GH5_18 - exo-β-mannosidase (breve-longum); GH5_18 - exo-β-mannosidase (breve-longum)"	
N-glycan	MnaB2	Putative sulfated N-glycan ABC transporter component 1	BBSC_1810	Bifidobacterium scardovii JCM 12489 = DSM 13734	"GH18 - endo-β-N-acetylglucosaminidase-1 (EndoBI-1, Blon_2468); GH18 - endo-β-N-acetylglucosaminidase-2 (EndoBI-2, BLIF_1310); GH85 - endo-β-N-acetylglucosaminidase (EndoBB2, BBMN68_222); GH85 - endo-β-N-acetylglucosaminidase (EndoBB, Bbr_1142); GH125 - α-mannosidase (BlMan125-Mna125, Blon_0876, Bbr_1139); GH18 - chitinase (thermophilum-thermoacidophilum-boum); GH29 - α-L-fucosidase (BsFuc29, scardovii-pullorum); GH29 - α-L-fucosidase (BiAfcC-2, Blon_0248-Blon_426); GH38 - α-mannosidase-1 (BlMan38A-Mna38, Blon_0868-Bbr_1150); GH38 - α-mannosidase-2 (BlMan38B-Mna38**, Blon_0869-Bbr_1149); GH38 - α-mannosidase-3 (BlMan38C, Bbr_1148); GH5_18 - exo-β-mannosidase (scardovii); GH5_18 - exo-β-mannosidase (longum-reuteri); GH5_18 - exo-β-mannosidase (infantis); GH5_18 - exo-β-mannosidase (breve-longum); GH5_18 - exo-β-mannosidase (breve-longum)"	
N-glycan	MnaC	Putative N-glycan ABC transporter permease component 2	"BL1332, Blon_2378, BLJ_1282, BBSC_1818, Bbr_1145"	"Bifidobacterium longum NCC2705, Bifidobacterium longum subsp. infantis ATCC 15697 = JCM 1222 = DSM 20088, Bifidobacterium longum subsp. suis JDM301, Bifidobacterium scardovii JCM 12489 = DSM 13734, Bifidobacterium breve UCC2003"	"GH18 - endo-β-N-acetylglucosaminidase-1 (EndoBI-1, Blon_2468); GH18 - endo-β-N-acetylglucosaminidase-2 (EndoBI-2, BLIF_1310); GH85 - endo-β-N-acetylglucosaminidase (EndoBB2, BBMN68_222); GH85 - endo-β-N-acetylglucosaminidase (EndoBB, Bbr_1142); GH125 - α-mannosidase (BlMan125-Mna125, Blon_0876, Bbr_1139); GH18 - chitinase (thermophilum-thermoacidophilum-boum); GH29 - α-L-fucosidase (BsFuc29, scardovii-pullorum); GH29 - α-L-fucosidase (BiAfcC-2, Blon_0248-Blon_426); GH38 - α-mannosidase-1 (BlMan38A-Mna38, Blon_0868-Bbr_1150); GH38 - α-mannosidase-2 (BlMan38B-Mna38**, Blon_0869-Bbr_1149); GH38 - α-mannosidase-3 (BlMan38C, Bbr_1148); GH5_18 - exo-β-mannosidase (scardovii); GH5_18 - exo-β-mannosidase (longum-reuteri); GH5_18 - exo-β-mannosidase (infantis); GH5_18 - exo-β-mannosidase (breve-longum); GH5_18 - exo-β-mannosidase (breve-longum)"	
N-glycan	MnaC2	Putative sulfated N-glycan ABC transporter component 2	BBSC_1809	Bifidobacterium scardovii JCM 12489 = DSM 13734	"GH18 - endo-β-N-acetylglucosaminidase-1 (EndoBI-1, Blon_2468); GH18 - endo-β-N-acetylglucosaminidase-2 (EndoBI-2, BLIF_1310); GH85 - endo-β-N-acetylglucosaminidase (EndoBB2, BBMN68_222); GH85 - endo-β-N-acetylglucosaminidase (EndoBB, Bbr_1142); GH125 - α-mannosidase (BlMan125-Mna125, Blon_0876, Bbr_1139); GH18 - chitinase (thermophilum-thermoacidophilum-boum); GH29 - α-L-fucosidase (BsFuc29, scardovii-pullorum); GH29 - α-L-fucosidase (BiAfcC-2, Blon_0248-Blon_426); GH38 - α-mannosidase-1 (BlMan38A-Mna38, Blon_0868-Bbr_1150); GH38 - α-mannosidase-2 (BlMan38B-Mna38**, Blon_0869-Bbr_1149); GH38 - α-mannosidase-3 (BlMan38C, Bbr_1148); GH5_18 - exo-β-mannosidase (scardovii); GH5_18 - exo-β-mannosidase (longum-reuteri); GH5_18 - exo-β-mannosidase (infantis); GH5_18 - exo-β-mannosidase (breve-longum); GH5_18 - exo-β-mannosidase (breve-longum)"	
N-acetylglucosamine (GlcNAc)	NagE2a	Putative GlcNAc-specific PTS system-2 IIA component	Bbr_1879	Bifidobacterium breve UCC2003	GH20 - extracellular β-N-acetylglucosaminidase (BbhI)	
N-acetylglucosamine (GlcNAc)	NagE2bc	Putative GlcNAc-specific PTS system-2 IIBC component	Bbr_1880	Bifidobacterium breve UCC2003	GH20 - extracellular β-N-acetylglucosaminidase (BbhI)	
N-acetylglucosamine (GlcNAc)	NagEa	Putative GlcNAc-specific PTS system IIA component	BBPR_0239	Bifidobacterium bifidum PRL2010	GH20 - extracellular β-N-acetylglucosaminidase (BbhI)	
N-acetylglucosamine (GlcNAc)	NagEbc	Putative GlcNAc-specific PTS system IIBC component	BBPR_0240	Bifidobacterium bifidum PRL2010	GH20 - extracellular β-N-acetylglucosaminidase (BbhI)	
HMO	NahB	LNnT ABC transporter permease component 1	Blon_0461	Bifidobacterium longum subsp. infantis ATCC 15697 = JCM 1222 = DSM 20088	"GH20 - β-N-acetylglucosaminidase-2 (NahA-Hex1*, BBPR_0026); GH20 - β-N-acetylglucosaminidase (Hex3, BBSC_1775); GH20 - β-N-acetylglucosaminidase-2 (NahA-Hex1*, BBPC_1688); GH20 - β-N-acetylglucosaminidase-2 (NahA-Hex1*, Blon_0459-Bbr_1556); GH20 - β-N-acetylglucosaminidase (Hex2, Blon_2335); GH20 - β-N-acetylglucosaminidase-1 (Hex1, Blon_0732); GH20 - β-N-acetylhexosaminidase-2 (NahA-Hex1*, BBSC_1803); GH29 - α-L-fucosidase (BiAfcb-FumA2, BBSC_1794)"	
HMO	NahC	LNnT ABC transporter permease component 2	Blon_0460	Bifidobacterium longum subsp. infantis ATCC 15697 = JCM 1222 = DSM 20088	"GH20 - β-N-acetylglucosaminidase-2 (NahA-Hex1*, BBPR_0026); GH20 - β-N-acetylglucosaminidase (Hex3, BBSC_1775); GH20 - β-N-acetylglucosaminidase-2 (NahA-Hex1*, BBPC_1688); GH20 - β-N-acetylglucosaminidase-2 (NahA-Hex1*, Blon_0459-Bbr_1556); GH20 - β-N-acetylglucosaminidase (Hex2, Blon_2335); GH20 - β-N-acetylglucosaminidase-1 (Hex1, Blon_0732); GH20 - β-N-acetylhexosaminidase-2 (NahA-Hex1*, BBSC_1803); GH29 - α-L-fucosidase (BiAfcb-FumA2, BBSC_1794)"	
HMO	NahS	LNnT ABC transporter substrate-binding component	Bbr_1554	Bifidobacterium breve UCC2003	"GH20 - β-N-acetylglucosaminidase-2 (NahA-Hex1*, BBPR_0026); GH20 - β-N-acetylglucosaminidase (Hex3, BBSC_1775); GH20 - β-N-acetylglucosaminidase-2 (NahA-Hex1*, BBPC_1688); GH20 - β-N-acetylglucosaminidase-2 (NahA-Hex1*, Blon_0459-Bbr_1556); GH20 - β-N-acetylglucosaminidase (Hex2, Blon_2335); GH20 - β-N-acetylglucosaminidase-1 (Hex1, Blon_0732); GH20 - β-N-acetylhexosaminidase-2 (NahA-Hex1*, BBSC_1803); GH29 - α-L-fucosidase (BiAfcb-FumA2, BBSC_1794)"	
N-acetylneuraminate (Neu5Ac; sialic acid)	NanB	Neu5Ac ABC transporter substrate-binding component	"Bbr_0164, Blon_0650, BBSC_2321"	"Bifidobacterium breve UCC2003, Bifidobacterium longum subsp. infantis ATCC 15697 = JCM 1222 = DSM 20088, Bifidobacterium scardovii JCM 12489 = DSM 13734"	"GH33 - extracellular α-sialidase-1 (SiaBB1, BBPR_1793); GH33 - extracellular α-sialidase-2 (SiaBB2, BBPR_1794)"	
N-acetylneuraminate (Neu5Ac; sialic acid)	NanC	Neu5Ac ABC transporter permease component 1	"Bbr_0165, Blon_0649, BBSC_2320"	"Bifidobacterium breve UCC2003, Bifidobacterium longum subsp. infantis ATCC 15697 = JCM 1222 = DSM 20088, Bifidobacterium scardovii JCM 12489 = DSM 13734"	"GH33 - extracellular α-sialidase-1 (SiaBB1, BBPR_1793); GH33 - extracellular α-sialidase-2 (SiaBB2, BBPR_1794)"	
N-acetylneuraminate (Neu5Ac; sialic acid)	NanD	Neu5Ac ABC transporter permease component 2	"Bbr_0166, Blon_0648, BBSC_2319"	"Bifidobacterium breve UCC2003, Bifidobacterium longum subsp. infantis ATCC 15697 = JCM 1222 = DSM 20088, Bifidobacterium scardovii JCM 12489 = DSM 13734"	"GH33 - extracellular α-sialidase-1 (SiaBB1, BBPR_1793); GH33 - extracellular α-sialidase-2 (SiaBB2, BBPR_1794)"	
N-acetylneuraminate (Neu5Ac; sialic acid)	NanF	Neu5Ac ABC transporter ATP-binding component	"Bbr_0167, Blon_0647, BBSC_2318"	"Bifidobacterium breve UCC2003, Bifidobacterium longum subsp. infantis ATCC 15697 = JCM 1222 = DSM 20088, Bifidobacterium scardovii JCM 12489 = DSM 13734"	"GH33 - extracellular α-sialidase-1 (SiaBB1, BBPR_1793); GH33 - extracellular α-sialidase-2 (SiaBB2, BBPR_1794)"	
N-glycan	NglA	Putative complex N-glycan ABC transporter substrate-binding component	BBSC_1779	Bifidobacterium scardovii JCM 12489 = DSM 13734	"GH18 - endo-β-N-acetylglucosaminidase-1 (EndoBI-1, Blon_2468); GH18 - endo-β-N-acetylglucosaminidase-2 (EndoBI-2, BLIF_1310); GH85 - endo-β-N-acetylglucosaminidase (EndoBB2, BBMN68_222); GH85 - endo-β-N-acetylglucosaminidase (EndoBB, Bbr_1142); GH125 - α-mannosidase (BlMan125-Mna125, Blon_0876, Bbr_1139); GH18 - chitinase (thermophilum-thermoacidophilum-boum); GH29 - α-L-fucosidase (BsFuc29, scardovii-pullorum); GH29 - α-L-fucosidase (BiAfcC-2, Blon_0248-Blon_426); GH38 - α-mannosidase-1 (BlMan38A-Mna38, Blon_0868-Bbr_1150); GH38 - α-mannosidase-2 (BlMan38B-Mna38**, Blon_0869-Bbr_1149); GH38 - α-mannosidase-3 (BlMan38C, Bbr_1148); GH5_18 - exo-β-mannosidase (scardovii); GH5_18 - exo-β-mannosidase (longum-reuteri); GH5_18 - exo-β-mannosidase (infantis); GH5_18 - exo-β-mannosidase (breve-longum); GH5_18 - exo-β-mannosidase (breve-longum)"	
N-glycan	NglB	Putative complex N-glycan ABC transporter permease component 1	BBSC_1778	Bifidobacterium scardovii JCM 12489 = DSM 13734	"GH18 - endo-β-N-acetylglucosaminidase-1 (EndoBI-1, Blon_2468); GH18 - endo-β-N-acetylglucosaminidase-2 (EndoBI-2, BLIF_1310); GH85 - endo-β-N-acetylglucosaminidase (EndoBB2, BBMN68_222); GH85 - endo-β-N-acetylglucosaminidase (EndoBB, Bbr_1142); GH125 - α-mannosidase (BlMan125-Mna125, Blon_0876, Bbr_1139); GH18 - chitinase (thermophilum-thermoacidophilum-boum); GH29 - α-L-fucosidase (BsFuc29, scardovii-pullorum); GH29 - α-L-fucosidase (BiAfcC-2, Blon_0248-Blon_426); GH38 - α-mannosidase-1 (BlMan38A-Mna38, Blon_0868-Bbr_1150); GH38 - α-mannosidase-2 (BlMan38B-Mna38**, Blon_0869-Bbr_1149); GH38 - α-mannosidase-3 (BlMan38C, Bbr_1148); GH5_18 - exo-β-mannosidase (scardovii); GH5_18 - exo-β-mannosidase (longum-reuteri); GH5_18 - exo-β-mannosidase (infantis); GH5_18 - exo-β-mannosidase (breve-longum); GH5_18 - exo-β-mannosidase (breve-longum)"	
N-glycan	NglC	Putative complex N-glycan ABC transporter permease component 2	BBSC_1777	Bifidobacterium scardovii JCM 12489 = DSM 13734	"GH18 - endo-β-N-acetylglucosaminidase-1 (EndoBI-1, Blon_2468); GH18 - endo-β-N-acetylglucosaminidase-2 (EndoBI-2, BLIF_1310); GH85 - endo-β-N-acetylglucosaminidase (EndoBB2, BBMN68_222); GH85 - endo-β-N-acetylglucosaminidase (EndoBB, Bbr_1142); GH125 - α-mannosidase (BlMan125-Mna125, Blon_0876, Bbr_1139); GH18 - chitinase (thermophilum-thermoacidophilum-boum); GH29 - α-L-fucosidase (BsFuc29, scardovii-pullorum); GH29 - α-L-fucosidase (BiAfcC-2, Blon_0248-Blon_426); GH38 - α-mannosidase-1 (BlMan38A-Mna38, Blon_0868-Bbr_1150); GH38 - α-mannosidase-2 (BlMan38B-Mna38**, Blon_0869-Bbr_1149); GH38 - α-mannosidase-3 (BlMan38C, Bbr_1148); GH5_18 - exo-β-mannosidase (scardovii); GH5_18 - exo-β-mannosidase (longum-reuteri); GH5_18 - exo-β-mannosidase (infantis); GH5_18 - exo-β-mannosidase (breve-longum); GH5_18 - exo-β-mannosidase (breve-longum)"	